20220402_T1_GEN_3,https://tv.naver.com/v/26000446,https://tv.naver.com/v/26000455
20220402_T1_GEN_4,https://tv.naver.com/v/26001110,https://tv.naver.com/v/26001391
20220402_T1_GEN_2,https://tv.naver.com/v/25999571,https://tv.naver.com/v/25999776
20220402_T1_GEN_1,https://tv.naver.com/v/25998913,https://tv.naver.com/v/25998926
20220327_GEN_DK_4,https://tv.naver.com/v/25883729,https://tv.naver.com/v/25883718
20220327_GEN_DK_5,https://tv.naver.com/v/25884616,https://tv.naver.com/v/25884668
20220327_GEN_DK_3,https://tv.naver.com/v/25882997,https://tv.naver.com/v/25882975
20220327_GEN_DK_2,https://tv.naver.com/v/25882295,https://tv.naver.com/v/25882274
20220327_GEN_DK_1,https://tv.naver.com/v/25881593,https://tv.naver.com/v/25881509
20220326_T1_KDF_3,https://tv.naver.com/v/25871312,https://tv.naver.com/v/25871318
20220326_T1_KDF_2,https://tv.naver.com/v/25870733,https://tv.naver.com/v/25870681
20220326_T1_KDF_1,https://tv.naver.com/v/25870230,https://tv.naver.com/v/25870140
20220324_DRX_KDF_5,https://tv.naver.com/v/25838580,https://tv.naver.com/v/25838715
20220324_DRX_KDF_4,https://tv.naver.com/v/25836894,https://tv.naver.com/v/25836825
20220324_DRX_KDF_3,https://tv.naver.com/v/25835912,https://tv.naver.com/v/25835840
20220324_DRX_KDF_2,https://tv.naver.com/v/25834823,https://tv.naver.com/v/25834810
20220324_DRX_KDF_1,https://tv.naver.com/v/25833755,https://tv.naver.com/v/25833665
20220323_DK_BRO_3,https://tv.naver.com/v/25813823,https://tv.naver.com/v/25813997
20220323_DK_BRO_2,https://tv.naver.com/v/25812856,https://tv.naver.com/v/25812922
20220323_DK_BRO_1,https://tv.naver.com/v/25811687,https://tv.naver.com/v/25811586
20220320_BRO_KDF_1,https://tv.naver.com/v/25753291,https://tv.naver.com/v/25753173
20220320_T1_DRX_2,https://tv.naver.com/v/25752029,https://tv.naver.com/v/25752033
20220320_T1_DRX_1,https://tv.naver.com/v/25751401,https://tv.naver.com/v/25751332
20220320_KDF_LSB_2,https://tv.naver.com/v/25750110,https://tv.naver.com/v/25750063
20220320_KDF_LSB_1,https://tv.naver.com/v/25749366,https://tv.naver.com/v/25749302
20220319_BRO_DK_2,https://tv.naver.com/v/25742326,https://tv.naver.com/v/25742354
20220319_BRO_DK_1,https://tv.naver.com/v/25741726,https://tv.naver.com/v/25741640
20220319_NS_HLE_2,https://tv.naver.com/v/25740271,https://tv.naver.com/v/25740276
20220319_NS_HLE_1,https://tv.naver.com/v/25739752,https://tv.naver.com/v/25739682
20220319_KT_GEN_2,https://tv.naver.com/v/25738305,https://tv.naver.com/v/25732094
20220319_KT_GEN_3,https://tv.naver.com/v/25732015,https://tv.naver.com/v/25731317
20220319_KT_GEN_1,https://tv.naver.com/v/25730599,https://tv.naver.com/v/25730504
20220318_T1_LSB_3,https://tv.naver.com/v/25728804,https://tv.naver.com/v/25728878
20220318_T1_LSB_2,https://tv.naver.com/v/25728079,https://tv.naver.com/v/25728047
20220318_T1_LSB_1,https://tv.naver.com/v/25727204,https://tv.naver.com/v/25727173
20220317_KDF_HLE_3,https://tv.naver.com/v/25711524,https://tv.naver.com/v/25711560
20220317_KDF_HLE_2,https://tv.naver.com/v/25710478,https://tv.naver.com/v/25710334
20220317_KDF_HLE_1,https://tv.naver.com/v/25709447,https://tv.naver.com/v/25709387
20220317_DRX_DK_2,https://tv.naver.com/v/25707292,https://tv.naver.com/v/25707323
20220317_DRX_DK_1,https://tv.naver.com/v/25706287,https://tv.naver.com/v/25706144
20220316_NS_KT_3,https://tv.naver.com/v/25682537,https://tv.naver.com/v/25682699
20220316_NS_KT_2,https://tv.naver.com/v/25681447,https://tv.naver.com/v/25681348
20220316_NS_KT_1,https://tv.naver.com/v/25680185,https://tv.naver.com/v/25680074
20220314_DRX_KDF_3,https://tv.naver.com/v/25637912,https://tv.naver.com/v/25623892
20220314_DRX_KDF_2,https://tv.naver.com/v/25637750,https://tv.naver.com/v/25622720
20220314_DRX_KDF_1,https://tv.naver.com/v/25621415,https://tv.naver.com/v/25621266
20220313_T1_BRO_2,https://tv.naver.com/v/25618472,https://tv.naver.com/v/25618378
20220313_T1_BRO_1,https://tv.naver.com/v/25617894,https://tv.naver.com/v/25617805
20220312_HLE_GEN_2,https://tv.naver.com/v/25610694,https://tv.naver.com/v/25610452
20220312_HLE_GEN_1,https://tv.naver.com/v/25609831,https://tv.naver.com/v/25609601
20220312_LSB_KT_2,https://tv.naver.com/v/25608333,https://tv.naver.com/v/25608319
20220312_LSB_KT_1,https://tv.naver.com/v/25607672,https://tv.naver.com/v/25607627
20220311_DK_NS_2,https://tv.naver.com/v/25599155,https://tv.naver.com/v/25599218
20220311_DK_NS_1,https://tv.naver.com/v/25598444,https://tv.naver.com/v/25598497
20220311_KDF_T1_3,https://tv.naver.com/v/25596585,https://tv.naver.com/v/25596662
20220311_KDF_T1_2,https://tv.naver.com/v/25595822,https://tv.naver.com/v/25595677
20220311_KDF_T1_1,https://tv.naver.com/v/25594566,https://tv.naver.com/v/25594418
20220310_BRO_LSB_2,https://tv.naver.com/v/25578759,https://tv.naver.com/v/25578819
20220310_BRO_LSB_1,https://tv.naver.com/v/25578002,https://tv.naver.com/v/25577914
20220310_HLE_KT_2,https://tv.naver.com/v/25575854,https://tv.naver.com/v/25575892
20220310_HLE_KT_1,https://tv.naver.com/v/25574371,https://tv.naver.com/v/25574260
20220309_GEN_DK_3,https://tv.naver.com/v/25560384,https://tv.naver.com/v/25560361
20220309_GEN_DK_2,https://tv.naver.com/v/25559645,https://tv.naver.com/v/25559554
20220309_GEN_DK_1,https://tv.naver.com/v/25558786,https://tv.naver.com/v/25558690
20220309_DRX_NS_2,https://tv.naver.com/v/25557145,https://tv.naver.com/v/25557078
20220309_DRX_NS_1,https://tv.naver.com/v/25556332,https://tv.naver.com/v/25556217
20220306_T1_KT_2,https://tv.naver.com/v/25500968,https://tv.naver.com/v/25501057
20220306_T1_KT_1,https://tv.naver.com/v/25500158,https://tv.naver.com/v/25500096
20220306_LSB_DRX_2,https://tv.naver.com/v/25498663,https://tv.naver.com/v/25498728
20220306_LSB_DRX_1,https://tv.naver.com/v/25498101,https://tv.naver.com/v/25498119
20220306_BRO_NS_3,https://tv.naver.com/v/25491141,https://tv.naver.com/v/25491220
20220306_BRO_NS_2,https://tv.naver.com/v/25490575,https://tv.naver.com/v/25491146
20220306_BRO_NS_1,https://tv.naver.com/v/25489745,https://tv.naver.com/v/25489670
20220305_KDF_GEN_3,https://tv.naver.com/v/25488453,https://tv.naver.com/v/25488509
20220305_KDF_GEN_2,https://tv.naver.com/v/25487843,https://tv.naver.com/v/25487777
20220305_KDF_GEN_1,https://tv.naver.com/v/25486931,https://tv.naver.com/v/25486813
20220304_DK_HLE_2,https://tv.naver.com/v/25476530,https://tv.naver.com/v/25476572
20220304_DK_HLE_1,https://tv.naver.com/v/25475860,https://tv.naver.com/v/25475624
20220304_KT_DRX_2,https://tv.naver.com/v/25473400,https://tv.naver.com/v/25473557
20220304_KT_DRX_1,https://tv.naver.com/v/25472311,https://tv.naver.com/v/25472211
20220303_NS_KDF_2,https://tv.naver.com/v/25456018,https://tv.naver.com/v/25456047
20220303_NS_KDF_1,https://tv.naver.com/v/25454775,https://tv.naver.com/v/25454690
20220303_GEN_T1_2,https://tv.naver.com/v/25452428,https://tv.naver.com/v/25452429
20220303_GEN_T1_1,https://tv.naver.com/v/25451222,https://tv.naver.com/v/25451059
20220302_DK_LSB_2,https://tv.naver.com/v/25428694,https://tv.naver.com/v/25428824
20220302_DK_LSB_1,https://tv.naver.com/v/25427572,https://tv.naver.com/v/25427452
20220302_BRO_HLE_3,https://tv.naver.com/v/25424791,https://tv.naver.com/v/25424941
20220302_BRO_HLE_2,https://tv.naver.com/v/25423717,https://tv.naver.com/v/25423627
20220302_BRO_HLE_1,https://tv.naver.com/v/25422424,https://tv.naver.com/v/25422313
20220227_LSB_NS_3,https://tv.naver.com/v/25372502,https://tv.naver.com/v/25372660
20220227_LSB_NS_2,https://tv.naver.com/v/25371356,https://tv.naver.com/v/25371354
20220227_LSB_NS_1,https://tv.naver.com/v/25370464,https://tv.naver.com/v/25370411
20220227_DRX_GEN_2,https://tv.naver.com/v/25368283,https://tv.naver.com/v/25368332
20220227_DRX_GEN_1,https://tv.naver.com/v/25367762,https://tv.naver.com/v/25367776
20220226_HLE_T1_2,https://tv.naver.com/v/25359011,https://tv.naver.com/v/25359041
20220226_HLE_T1_1,https://tv.naver.com/v/25358533,https://tv.naver.com/v/25358529
20220226_KT_BRO_2,https://tv.naver.com/v/25357171,https://tv.naver.com/v/25357181
20220226_KT_BRO_1,https://tv.naver.com/v/25356557,https://tv.naver.com/v/25356523
20220225_KDF_DK_2,https://tv.naver.com/v/25347430,https://tv.naver.com/v/25347511
20220225_KDF_DK_1,https://tv.naver.com/v/25346888,https://tv.naver.com/v/25346890