20220605,https://voddown.sbs.co.kr/netv/netvmp4/upload/220/00450/22000450399k.mp4?token=eyJ0eXAiOiJKV1QiLCJhbGciOiJIUzI1NiJ9.eyJleHAiOjE2NTQ1MjIxODIsInBhdGgiOiIvbmV0di9uZXR2bXA0L3VwbG9hZC8yMjAvMDA0NTAvMjIwMDA0NTAzOTlrLm1wNCIsImR1cmF0aW9uIjotMX0.YqO-vFmfw6qKPV30jAatw3xTM8K_dWTCsYPE75T3hcQ,https://programs.sbs.co.kr/sbsgolf/22klpgatour/vod/71322/22000450401
20220604,https://voddown.sbs.co.kr/netv/netvmp4/upload/220/00450/22000450297k.mp4?token=eyJ0eXAiOiJKV1QiLCJhbGciOiJIUzI1NiJ9.eyJleHAiOjE2NTQ1MjIyMDUsInBhdGgiOiIvbmV0di9uZXR2bXA0L3VwbG9hZC8yMjAvMDA0NTAvMjIwMDA0NTAyOTdrLm1wNCIsImR1cmF0aW9uIjotMX0.SKe5TNWKm0x871GD2Yui1wAgSj21iU9Sc6mvZ5ZPxtE,https://programs.sbs.co.kr/sbsgolf/22klpgatour/vod/71322/22000450301
20220603,https://voddown.sbs.co.kr/netv/netvmp4/upload/220/00450/22000450199k.mp4?token=eyJ0eXAiOiJKV1QiLCJhbGciOiJIUzI1NiJ9.eyJleHAiOjE2NTQ1MjIyMjcsInBhdGgiOiIvbmV0di9uZXR2bXA0L3VwbG9hZC8yMjAvMDA0NTAvMjIwMDA0NTAxOTlrLm1wNCIsImR1cmF0aW9uIjotMX0.DPHAgYjFG4WkXkdbWunpUIzVF5ZHeqVVYFzMc3u9s9w,https://programs.sbs.co.kr/sbsgolf/22klpgatour/vod/71322/22000450202
20220602,https://voddown.sbs.co.kr/netv/netvmp4/upload/220/00449/22000449916k.mp4?token=eyJ0eXAiOiJKV1QiLCJhbGciOiJIUzI1NiJ9.eyJleHAiOjE2NTQ1MjIyNTAsInBhdGgiOiIvbmV0di9uZXR2bXA0L3VwbG9hZC8yMjAvMDA0NDkvMjIwMDA0NDk5MTZrLm1wNCIsImR1cmF0aW9uIjotMX0.yN8f5TWeLF1E2y5lxmE9BFqyt2nyENFSRF1ou8mg8u0,https://programs.sbs.co.kr/sbsgolf/22klpgatour/vod/71322/22000449917
20220528,https://voddown.sbs.co.kr/netv/netvmp4/upload/220/00449/22000449585k.mp4?token=eyJ0eXAiOiJKV1QiLCJhbGciOiJIUzI1NiJ9.eyJleHAiOjE2NTQ1MjIyNzMsInBhdGgiOiIvbmV0di9uZXR2bXA0L3VwbG9hZC8yMjAvMDA0NDkvMjIwMDA0NDk1ODVrLm1wNCIsImR1cmF0aW9uIjotMX0.pLj2DacwEaSVf5Y6Tq4E1W2oJLxpZTVNZHze9FhF3pw,https://programs.sbs.co.kr/sbsgolf/22klpgatour/vod/71322/22000449934
20220528,https://voddown.sbs.co.kr/netv/netvmp4/upload/220/00449/22000449536k.mp4?token=eyJ0eXAiOiJKV1QiLCJhbGciOiJIUzI1NiJ9.eyJleHAiOjE2NTQ1MjIyOTUsInBhdGgiOiIvbmV0di9uZXR2bXA0L3VwbG9hZC8yMjAvMDA0NDkvMjIwMDA0NDk1MzZrLm1wNCIsImR1cmF0aW9uIjotMX0.-Mcs5pmsO4lai5hlzTwW8m_5pBDMfWGjkJAfrdjk5Ys,https://programs.sbs.co.kr/sbsgolf/22klpgatour/vod/71322/22000449537
20220527,https://voddown.sbs.co.kr/netv/netvmp4/upload/220/00449/22000449500k.mp4?token=eyJ0eXAiOiJKV1QiLCJhbGciOiJIUzI1NiJ9.eyJleHAiOjE2NTQ1MjIzMTgsInBhdGgiOiIvbmV0di9uZXR2bXA0L3VwbG9hZC8yMjAvMDA0NDkvMjIwMDA0NDk1MDBrLm1wNCIsImR1cmF0aW9uIjotMX0.8A3bAqETVXm8el6EB5Jcix34CsUkSX6cCI-PJi16mGU,https://programs.sbs.co.kr/sbsgolf/22klpgatour/vod/71322/22000449501
20220522,https://voddown.sbs.co.kr/netv/netvmp4/upload/220/00449/22000449054k.mp4?token=eyJ0eXAiOiJKV1QiLCJhbGciOiJIUzI1NiJ9.eyJleHAiOjE2NTQ1MjIzNDAsInBhdGgiOiIvbmV0di9uZXR2bXA0L3VwbG9hZC8yMjAvMDA0NDkvMjIwMDA0NDkwNTRrLm1wNCIsImR1cmF0aW9uIjotMX0.R1qta7n5yD3uEGJ_1BhTUtm6Ta_NL4epjRrkij3ilFs,https://programs.sbs.co.kr/sbsgolf/22klpgatour/vod/71322/22000449056
20220521,https://voddown.sbs.co.kr/netv/netvmp4/upload/220/00448/22000448929k.mp4?token=eyJ0eXAiOiJKV1QiLCJhbGciOiJIUzI1NiJ9.eyJleHAiOjE2NTQ1MjIzNjMsInBhdGgiOiIvbmV0di9uZXR2bXA0L3VwbG9hZC8yMjAvMDA0NDgvMjIwMDA0NDg5MjlrLm1wNCIsImR1cmF0aW9uIjotMX0.P2ASlzypJheSnP8IYt6YuldL5WcF8eV-yeZjrTViHBE,https://programs.sbs.co.kr/sbsgolf/22klpgatour/vod/71322/22000448930
20220521,https://voddown.sbs.co.kr/netv/netvmp4/upload/220/00448/22000448906k.mp4?token=eyJ0eXAiOiJKV1QiLCJhbGciOiJIUzI1NiJ9.eyJleHAiOjE2NTQ1MjIzODUsInBhdGgiOiIvbmV0di9uZXR2bXA0L3VwbG9hZC8yMjAvMDA0NDgvMjIwMDA0NDg5MDZrLm1wNCIsImR1cmF0aW9uIjotMX0.EXy0HQ_qyXph_kEnsd7CUjAbi5eeHoh5HbwOPjiR9sY,https://programs.sbs.co.kr/sbsgolf/22klpgatour/vod/71322/22000448930
20220520,https://voddown.sbs.co.kr/netv/netvmp4/upload/220/00448/22000448885k.mp4?token=eyJ0eXAiOiJKV1QiLCJhbGciOiJIUzI1NiJ9.eyJleHAiOjE2NTQ1MjI0MDgsInBhdGgiOiIvbmV0di9uZXR2bXA0L3VwbG9hZC8yMjAvMDA0NDgvMjIwMDA0NDg4ODVrLm1wNCIsImR1cmF0aW9uIjotMX0.hhikBUBkhoDnygda_mXCpOGpa7coqdpQjGOLHMqURMI,https://programs.sbs.co.kr/sbsgolf/22klpgatour/vod/71322/22000448886
20220519,https://voddown.sbs.co.kr/netv/netvmp4/upload/220/00448/22000448780k.mp4?token=eyJ0eXAiOiJKV1QiLCJhbGciOiJIUzI1NiJ9.eyJleHAiOjE2NTQ1MjI0MzEsInBhdGgiOiIvbmV0di9uZXR2bXA0L3VwbG9hZC8yMjAvMDA0NDgvMjIwMDA0NDg3ODBrLm1wNCIsImR1cmF0aW9uIjotMX0.TSLPNws7NNOvUPowaSrmi8Gj5EISFBk_4jjUDEdaU90,https://programs.sbs.co.kr/sbsgolf/22klpgatour/vod/71322/22000448784
20220518,https://voddown.sbs.co.kr/netv/netvmp4/upload/220/00448/22000448692k.mp4?token=eyJ0eXAiOiJKV1QiLCJhbGciOiJIUzI1NiJ9.eyJleHAiOjE2NTQ1MjI0NTMsInBhdGgiOiIvbmV0di9uZXR2bXA0L3VwbG9hZC8yMjAvMDA0NDgvMjIwMDA0NDg2OTJrLm1wNCIsImR1cmF0aW9uIjotMX0.d4TVKpFTal3it2M9_SVHbpDkS7f5QqCUWwsG6CgB0R0,https://programs.sbs.co.kr/sbsgolf/22klpgatour/vod/71322/22000448697
20220515,https://voddown.sbs.co.kr/netv/netvmp4/upload/220/00448/22000448388k.mp4?token=eyJ0eXAiOiJKV1QiLCJhbGciOiJIUzI1NiJ9.eyJleHAiOjE2NTQ1MjI0NzYsInBhdGgiOiIvbmV0di9uZXR2bXA0L3VwbG9hZC8yMjAvMDA0NDgvMjIwMDA0NDgzODhrLm1wNCIsImR1cmF0aW9uIjotMX0.H6RpVgW_I2Ol8Up5ZVwtG7cLNavhFhqfIaXa9m0JNh4,https://programs.sbs.co.kr/sbsgolf/22klpgatour/vod/71322/22000448391
20220514,https://voddown.sbs.co.kr/netv/netvmp4/upload/220/00448/22000448273k.mp4?token=eyJ0eXAiOiJKV1QiLCJhbGciOiJIUzI1NiJ9.eyJleHAiOjE2NTQ1MjI0OTgsInBhdGgiOiIvbmV0di9uZXR2bXA0L3VwbG9hZC8yMjAvMDA0NDgvMjIwMDA0NDgyNzNrLm1wNCIsImR1cmF0aW9uIjotMX0.xbBuPyKSXgJIZ83xIsfHT2_8yqRDDegMV0yagdhykQY,https://programs.sbs.co.kr/sbsgolf/22klpgatour/vod/71322/22000448274
20220508,https://voddown.sbs.co.kr/netv/netvmp4/upload/220/00447/22000447647k.mp4?token=eyJ0eXAiOiJKV1QiLCJhbGciOiJIUzI1NiJ9.eyJleHAiOjE2NTQ1MjI1MjEsInBhdGgiOiIvbmV0di9uZXR2bXA0L3VwbG9hZC8yMjAvMDA0NDcvMjIwMDA0NDc2NDdrLm1wNCIsImR1cmF0aW9uIjotMX0.y5pHDrDn9eaqcAmuTPQw2CU7AYdN5qvqUqQ2l6Uc9nk,https://programs.sbs.co.kr/sbsgolf/22klpgatour/vod/71322/22000447649
20220507,https://voddown.sbs.co.kr/netv/netvmp4/upload/220/00447/22000447594k.mp4?token=eyJ0eXAiOiJKV1QiLCJhbGciOiJIUzI1NiJ9.eyJleHAiOjE2NTQ1MjI1NDQsInBhdGgiOiIvbmV0di9uZXR2bXA0L3VwbG9hZC8yMjAvMDA0NDcvMjIwMDA0NDc1OTRrLm1wNCIsImR1cmF0aW9uIjotMX0.c4-PHZPPvDrB3S1TkZjdITcFEX_z5xDfOk9d3MlyX7M,https://programs.sbs.co.kr/sbsgolf/22klpgatour/vod/71322/22000447595
20220506,https://voddown.sbs.co.kr/netv/netvmp4/upload/220/00447/22000447544k.mp4?token=eyJ0eXAiOiJKV1QiLCJhbGciOiJIUzI1NiJ9.eyJleHAiOjE2NTQ1MjI1NjYsInBhdGgiOiIvbmV0di9uZXR2bXA0L3VwbG9hZC8yMjAvMDA0NDcvMjIwMDA0NDc1NDRrLm1wNCIsImR1cmF0aW9uIjotMX0.ZvL4e9Um8uG70dkyzKfwCyux9d0f62dPbU-nuW0GI64,https://programs.sbs.co.kr/sbsgolf/22klpgatour/vod/71322/22000447545
20220501,https://voddown.sbs.co.kr/netv/netvmp4/upload/220/00447/22000447051k.mp4?token=eyJ0eXAiOiJKV1QiLCJhbGciOiJIUzI1NiJ9.eyJleHAiOjE2NTQ1MjI1ODksInBhdGgiOiIvbmV0di9uZXR2bXA0L3VwbG9hZC8yMjAvMDA0NDcvMjIwMDA0NDcwNTFrLm1wNCIsImR1cmF0aW9uIjotMX0.8hPjV_uJg84oEHk7emof_xzzO-IFZG7T8j65mcEmQ9Q,https://programs.sbs.co.kr/sbsgolf/22klpgatour/vod/71322/22000447053
20220430,https://voddown.sbs.co.kr/netv/netvmp4/upload/220/00447/22000447003k.mp4?token=eyJ0eXAiOiJKV1QiLCJhbGciOiJIUzI1NiJ9.eyJleHAiOjE2NTQ1MjI2MTEsInBhdGgiOiIvbmV0di9uZXR2bXA0L3VwbG9hZC8yMjAvMDA0NDcvMjIwMDA0NDcwMDNrLm1wNCIsImR1cmF0aW9uIjotMX0.41bMqnWXQeG2AFXkVdbSSQt07rYXJ4cSO-TDyW0QZzw,https://programs.sbs.co.kr/sbsgolf/22klpgatour/vod/71322/22000447017
20220429,https://voddown.sbs.co.kr/netv/netvmp4/upload/220/00446/22000446909k.mp4?token=eyJ0eXAiOiJKV1QiLCJhbGciOiJIUzI1NiJ9.eyJleHAiOjE2NTQ1MjI2MzQsInBhdGgiOiIvbmV0di9uZXR2bXA0L3VwbG9hZC8yMjAvMDA0NDYvMjIwMDA0NDY5MDlrLm1wNCIsImR1cmF0aW9uIjotMX0.ylHhdPFppRjmA28s4Z_x1rpOsFrqG6PGG6EYHjIfB1U,https://programs.sbs.co.kr/sbsgolf/22klpgatour/vod/71322/22000446966
20220428,https://voddown.sbs.co.kr/netv/netvmp4/upload/220/00446/22000446838k.mp4?token=eyJ0eXAiOiJKV1QiLCJhbGciOiJIUzI1NiJ9.eyJleHAiOjE2NTQ1MjI2NTcsInBhdGgiOiIvbmV0di9uZXR2bXA0L3VwbG9hZC8yMjAvMDA0NDYvMjIwMDA0NDY4MzhrLm1wNCIsImR1cmF0aW9uIjotMX0.eZzupOrmNHDx7E6bKBPvsdFhHRxOHJXTJ5tQOGMf8ZY,https://programs.sbs.co.kr/sbsgolf/22klpgatour/vod/71322/22000446853
20220424,https://voddown.sbs.co.kr/netv/netvmp4/upload/220/00446/22000446416k.mp4?token=eyJ0eXAiOiJKV1QiLCJhbGciOiJIUzI1NiJ9.eyJleHAiOjE2NTQ1MjI2ODAsInBhdGgiOiIvbmV0di9uZXR2bXA0L3VwbG9hZC8yMjAvMDA0NDYvMjIwMDA0NDY0MTZrLm1wNCIsImR1cmF0aW9uIjotMX0._y7jm1CIzJBeAkXfRevQD8yFPpfiokpVVJH2F9u-iZQ,https://programs.sbs.co.kr/sbsgolf/22klpgatour/vod/71322/22000446417
20220423,https://voddown.sbs.co.kr/netv/netvmp4/upload/220/00446/22000446273k.mp4?token=eyJ0eXAiOiJKV1QiLCJhbGciOiJIUzI1NiJ9.eyJleHAiOjE2NTQ1MjI3MDMsInBhdGgiOiIvbmV0di9uZXR2bXA0L3VwbG9hZC8yMjAvMDA0NDYvMjIwMDA0NDYyNzNrLm1wNCIsImR1cmF0aW9uIjotMX0.F_d6I4D-gBpxiHyhLcuwmFcz8DGs0VicEead_kaurX8,https://programs.sbs.co.kr/sbsgolf/22klpgatour/vod/71322/22000446274
20220422,https://voddown.sbs.co.kr/netv/netvmp4/upload/220/00446/22000446225k.mp4?token=eyJ0eXAiOiJKV1QiLCJhbGciOiJIUzI1NiJ9.eyJleHAiOjE2NTQ1MjI3MjUsInBhdGgiOiIvbmV0di9uZXR2bXA0L3VwbG9hZC8yMjAvMDA0NDYvMjIwMDA0NDYyMjVrLm1wNCIsImR1cmF0aW9uIjotMX0.W0mR7XKc5pQG7UkSM6_j1GGa0CcgHWk7cdTmXwZ00Ss,https://programs.sbs.co.kr/sbsgolf/22klpgatour/vod/71322/22000446226
20220421,https://voddown.sbs.co.kr/netv/netvmp4/upload/220/00446/22000446140k.mp4?token=eyJ0eXAiOiJKV1QiLCJhbGciOiJIUzI1NiJ9.eyJleHAiOjE2NTQ1MjI3NDgsInBhdGgiOiIvbmV0di9uZXR2bXA0L3VwbG9hZC8yMjAvMDA0NDYvMjIwMDA0NDYxNDBrLm1wNCIsImR1cmF0aW9uIjotMX0.0JzHjR_iR56VYAoJ18SJwUCwCSJxJ5I9YxNBwTeAHuE,https://programs.sbs.co.kr/sbsgolf/22klpgatour/vod/71322/22000446142
20220417,https://voddown.sbs.co.kr/netv/netvmp4/upload/220/00445/22000445642k.mp4?token=eyJ0eXAiOiJKV1QiLCJhbGciOiJIUzI1NiJ9.eyJleHAiOjE2NTQ1MjI3NzAsInBhdGgiOiIvbmV0di9uZXR2bXA0L3VwbG9hZC8yMjAvMDA0NDUvMjIwMDA0NDU2NDJrLm1wNCIsImR1cmF0aW9uIjotMX0.RSyMAv0TcNysaEy0qkMcugeJP7XTdz3ZiQ8I_bQ1QZM,https://programs.sbs.co.kr/sbsgolf/22klpgatour/vod/71322/22000445645
20220416,https://voddown.sbs.co.kr/netv/netvmp4/upload/220/00445/22000445558k.mp4?token=eyJ0eXAiOiJKV1QiLCJhbGciOiJIUzI1NiJ9.eyJleHAiOjE2NTQ1MjI3OTMsInBhdGgiOiIvbmV0di9uZXR2bXA0L3VwbG9hZC8yMjAvMDA0NDUvMjIwMDA0NDU1NThrLm1wNCIsImR1cmF0aW9uIjotMX0.V1QKZ4gjJ7vd_WJehlAN0lYTUuUkSn9bngeCuLejN24,https://programs.sbs.co.kr/sbsgolf/22klpgatour/vod/71322/22000445559
20220415,https://voddown.sbs.co.kr/netv/netvmp4/upload/220/00445/22000445479k.mp4?token=eyJ0eXAiOiJKV1QiLCJhbGciOiJIUzI1NiJ9.eyJleHAiOjE2NTQ1MjI4MTYsInBhdGgiOiIvbmV0di9uZXR2bXA0L3VwbG9hZC8yMjAvMDA0NDUvMjIwMDA0NDU0NzlrLm1wNCIsImR1cmF0aW9uIjotMX0.OgwWbPBG6jh4rzrNJGcg3f4qq2u_h4SV60hPXE4_d-k,https://programs.sbs.co.kr/sbsgolf/22klpgatour/vod/71322/22000445480
20220414,https://voddown.sbs.co.kr/netv/netvmp4/upload/220/00445/22000445364k.mp4?token=eyJ0eXAiOiJKV1QiLCJhbGciOiJIUzI1NiJ9.eyJleHAiOjE2NTQ1MjI4MzgsInBhdGgiOiIvbmV0di9uZXR2bXA0L3VwbG9hZC8yMjAvMDA0NDUvMjIwMDA0NDUzNjRrLm1wNCIsImR1cmF0aW9uIjotMX0.KK-OBvKyDB4X4TClTkrgSjiB0prXK_8m3pB9rlbgk50,https://programs.sbs.co.kr/sbsgolf/22klpgatour/vod/71322/22000445367
20220410,https://voddown.sbs.co.kr/netv/netvmp4/upload/220/00444/22000444876k.mp4?token=eyJ0eXAiOiJKV1QiLCJhbGciOiJIUzI1NiJ9.eyJleHAiOjE2NTQ1MjI4NjEsInBhdGgiOiIvbmV0di9uZXR2bXA0L3VwbG9hZC8yMjAvMDA0NDQvMjIwMDA0NDQ4NzZrLm1wNCIsImR1cmF0aW9uIjotMX0.gEJTS2RFekvzxOEulKpCC6S3PPa5AEvGrXkmXs1fQvg,https://programs.sbs.co.kr/sbsgolf/22klpgatour/vod/71322/22000444879
20220409,https://voddown.sbs.co.kr/netv/netvmp4/upload/220/00444/22000444682k.mp4?token=eyJ0eXAiOiJKV1QiLCJhbGciOiJIUzI1NiJ9.eyJleHAiOjE2NTQ1MjI4ODQsInBhdGgiOiIvbmV0di9uZXR2bXA0L3VwbG9hZC8yMjAvMDA0NDQvMjIwMDA0NDQ2ODJrLm1wNCIsImR1cmF0aW9uIjotMX0.kaMuYrCRYWwoQPh2ty1olvFO-fv8GQVOAMwwqHkQESg,https://programs.sbs.co.kr/sbsgolf/22klpgatour/vod/71322/22000444686
20220408,https://voddown.sbs.co.kr/netv/netvmp4/upload/220/00444/22000444526k.mp4?token=eyJ0eXAiOiJKV1QiLCJhbGciOiJIUzI1NiJ9.eyJleHAiOjE2NTQ1MjI5MDcsInBhdGgiOiIvbmV0di9uZXR2bXA0L3VwbG9hZC8yMjAvMDA0NDQvMjIwMDA0NDQ1MjZrLm1wNCIsImR1cmF0aW9uIjotMX0.yR8dy2P-Mtez0H-nJksU3QEEiE8vJ2Yq03ALTwC44N8,https://programs.sbs.co.kr/sbsgolf/22klpgatour/vod/71322/22000444899
20220407,https://voddown.sbs.co.kr/netv/netvmp4/upload/220/00444/22000444358k.mp4?token=eyJ0eXAiOiJKV1QiLCJhbGciOiJIUzI1NiJ9.eyJleHAiOjE2NTQ1MjI5MjksInBhdGgiOiIvbmV0di9uZXR2bXA0L3VwbG9hZC8yMjAvMDA0NDQvMjIwMDA0NDQzNThrLm1wNCIsImR1cmF0aW9uIjotMX0.639-jgS_J0xrUle6MOKl984gBkxiE-OP1Es7H7gTRBw,https://programs.sbs.co.kr/sbsgolf/22klpgatour/vod/71322/22000444361
