20220522_PSG_METZ,https://programs.sbs.co.kr/sports/21ligue1/vod/69809/22000449028
20220522_BRESTOIS_BORDEAUX,https://programs.sbs.co.kr/sports/21ligue1/vod/69809/22000449026
20220515_MONTPELLIER_PSG,https://programs.sbs.co.kr/sports/21ligue1/vod/69809/22000448392
20220515_BORDEAUX_LORIENT,https://programs.sbs.co.kr/sports/21ligue1/vod/69809/22000448393
20220509_PSG_TROYES,https://programs.sbs.co.kr/sports/21ligue1/vod/69809/22000448396
20220509_LORIENT_MARSEILLE,https://programs.sbs.co.kr/sports/21ligue1/vod/69809/22000447869
20220508_ANGERS_BORDEAUX,https://programs.sbs.co.kr/sports/21ligue1/vod/69809/22000447720
20220508_METZ_LYONNAIS,https://programs.sbs.co.kr/sports/21ligue1/vod/69809/22000447868
20220508_BRESTOIS_STRASBOURG,https://programs.sbs.co.kr/sports/21ligue1/vod/69809/22000447870
20220502_MARSEILLE_LYONNAIS,https://programs.sbs.co.kr/sports/21ligue1/vod/69809/22000447335
20220502_BORDEAUX_NICE,https://programs.sbs.co.kr/sports/21ligue1/vod/69809/22000447145
20220501_MONACO_ANGERS,https://programs.sbs.co.kr/sports/21ligue1/vod/69809/22000447337
20220501_TROYES_LILLE,https://programs.sbs.co.kr/sports/21ligue1/vod/69809/22000447311
20220501_RENNAIS_SAINT,https://programs.sbs.co.kr/sports/21ligue1/vod/69809/22000447336
20220501_LENS_NANTES,https://programs.sbs.co.kr/sports/21ligue1/vod/69809/22000447310
20220430_STRASBOURG_PSG,https://programs.sbs.co.kr/sports/21ligue1/vod/69809/22000446967
20220425_REIMS_MARSEILLE,https://programs.sbs.co.kr/sports/21ligue1/vod/69809/22000446603
20220425_LILLE_STRASBOURG,https://programs.sbs.co.kr/sports/21ligue1/vod/69809/22000446660
20220424_NANTES_BORDEAUX,https://programs.sbs.co.kr/sports/21ligue1/vod/69809/22000446498
20220424_RENNAIS_LORIENT,https://programs.sbs.co.kr/sports/21ligue1/vod/69809/22000446602
20220424_PSG_LENS,https://programs.sbs.co.kr/sports/21ligue1/vod/69809/22000446374
20220424_SAINT_MONACO,https://programs.sbs.co.kr/sports/21ligue1/vod/69809/22000446487
20220424_LYONNAIS_MONTPELLIER,https://programs.sbs.co.kr/sports/21ligue1/vod/69809/22000446214
20220421_ANGERS_PSG,https://programs.sbs.co.kr/sports/21ligue1/vod/69809/22000446120
20220421_TROYES_CLERMONT,https://programs.sbs.co.kr/sports/21ligue1/vod/69809/22000446232
20220421_REIMS_LILLE,https://programs.sbs.co.kr/sports/21ligue1/vod/69809/22000446227
20220421_MONACO_NICE,https://programs.sbs.co.kr/sports/21ligue1/vod/69809/22000446230
20220421_LORIENT_METZ,https://programs.sbs.co.kr/sports/21ligue1/vod/69809/22000446228
20220421_BORDEAUX_SAINT,https://programs.sbs.co.kr/sports/21ligue1/vod/69809/22000446233
20220418_PSG_MARSEILLE,https://programs.sbs.co.kr/sports/21ligue1/vod/69809/22000445771
20220418_SAINT_BRESTOIS,https://programs.sbs.co.kr/sports/21ligue1/vod/69809/22000445814
20220418_RENNAIS_MONACO,https://programs.sbs.co.kr/sports/21ligue1/vod/69809/22000445815
20220418_NICE_LORIENT,https://programs.sbs.co.kr/sports/21ligue1/vod/69809/22000445813
20220418_LYONNAIS_BORDEAUX,https://programs.sbs.co.kr/sports/21ligue1/vod/69809/22000445780
20220418_LILLE_LENS,https://programs.sbs.co.kr/sports/21ligue1/vod/69809/22000445812
20220411_MARSEILLE_MONTPELLIER,https://programs.sbs.co.kr/sports/21ligue1/vod/69809/22000445133
20220410_BORDEAUX_METZ,https://programs.sbs.co.kr/sports/21ligue1/vod/69809/22000445005
20220410_CLERMONT_PSG,https://programs.sbs.co.kr/sports/21ligue1/vod/69809/22000444880
20220409_LORIENT_SAINT,https://programs.sbs.co.kr/sports/21ligue1/vod/69809/22000445132
20220404_PSG_LORIENT,https://programs.sbs.co.kr/sports/21ligue1/vod/69809/22000444066
20220404_LYONNAIS_ANGERS,https://programs.sbs.co.kr/sports/21ligue1/vod/69809/22000444194
20220403_TROYES_REIMS,https://programs.sbs.co.kr/sports/21ligue1/vod/69809/22000444193
20220403_STRASBOURG_LENS,https://programs.sbs.co.kr/sports/21ligue1/vod/69809/22000444192
20220403_LILLE_BORDEAUX,https://programs.sbs.co.kr/sports/21ligue1/vod/69809/22000443916
20220403_NICE_RENNAIS,https://programs.sbs.co.kr/sports/21ligue1/vod/69809/22000444191
20220321_MARSEILLE_NICE,https://programs.sbs.co.kr/sports/21ligue1/vod/69809/22000442864
20220321_REIMS_LYONNAIS,https://programs.sbs.co.kr/sports/21ligue1/vod/69809/22000442862
20220320_BORDEAUX_MONTPELLIER,https://programs.sbs.co.kr/sports/21ligue1/vod/69809/22000442755
20220320_MONACO_PSG,https://programs.sbs.co.kr/sports/21ligue1/vod/69809/22000442706
20220320_NANTES_LILLE,https://programs.sbs.co.kr/sports/21ligue1/vod/69809/22000442875
20220314_BRESTOIS_MARSEILLE,https://programs.sbs.co.kr/sports/21ligue1/vod/69809/22000442513
20220314_LYONNAIS_RENNAIS,https://programs.sbs.co.kr/sports/21ligue1/vod/69809/22000442506
20220313_STRASBOURG_MONACO,https://programs.sbs.co.kr/sports/21ligue1/vod/69809/22000442512
20220313_PSG_BORDEAUX,https://programs.sbs.co.kr/sports/21ligue1/vod/69809/22000442216
20220313_TROYES_NANTES,https://programs.sbs.co.kr/sports/21ligue1/vod/69809/22000442511
20220313_MONTPELLIER_NICE,https://programs.sbs.co.kr/sports/21ligue1/vod/69809/22000442510
20220312_LILLE_SAINT,https://programs.sbs.co.kr/sports/21ligue1/vod/69809/22000442509
20220307_MARSEILLE_MONACO,https://programs.sbs.co.kr/sports/21ligue1/vod/69809/22000441925
20220307_LILLE_CLERMONT,https://programs.sbs.co.kr/sports/21ligue1/vod/69809/22000441924
20220306_BORDEAUX_TROYES,https://programs.sbs.co.kr/sports/21ligue1/vod/69809/22000441728
20220306_SAINT_METZ,https://programs.sbs.co.kr/sports/21ligue1/vod/69809/22000441926
20220306_NICE_PSG,https://programs.sbs.co.kr/sports/21ligue1/vod/69809/22000441649
20220306_LENS_BRESTOIS,https://programs.sbs.co.kr/sports/21ligue1/vod/69809/22000441919
20220228_LYONNAIS_LILLE,https://programs.sbs.co.kr/sports/21ligue1/vod/69809/22000441249
20220228_TROYES_MARSEILLE,https://programs.sbs.co.kr/sports/21ligue1/vod/69809/22000441248
20220227_CLERMONT_BORDEAUX,https://programs.sbs.co.kr/sports/21ligue1/vod/69809/22000441163
20220227_MONACO_REIMS,https://programs.sbs.co.kr/sports/21ligue1/vod/69809/22000441247
20220227_PSG_SAINT,https://programs.sbs.co.kr/sports/21ligue1/vod/69809/22000441069
20220227_STRASBOURG_NICE,https://programs.sbs.co.kr/sports/21ligue1/vod/69809/22000441246
20220226_MONTPELLIER_RENNAIS,https://programs.sbs.co.kr/sports/21ligue1/vod/69809/22000441252
20220221_MARSEILLE_CLERMONT,https://programs.sbs.co.kr/sports/21ligue1/vod/69809/22000440777
20220221_BORDEAUX_MONACO,https://programs.sbs.co.kr/sports/21ligue1/vod/69809/22000440700
20220220_RENNAIS_TROYES,https://programs.sbs.co.kr/sports/21ligue1/vod/69809/22000440774
20220220_NICE_ANGERS,https://programs.sbs.co.kr/sports/21ligue1/vod/69809/22000440773
20220220_NANTES_PSG,https://programs.sbs.co.kr/sports/21ligue1/vod/69809/22000440521
20220220_LENS_LYONNAIS,https://programs.sbs.co.kr/sports/21ligue1/vod/69809/22000440772
20220219_LILLE_METZ,https://programs.sbs.co.kr/sports/21ligue1/vod/69809/22000440771
20220214_METZ_MARSEILLE,https://programs.sbs.co.kr/sports/21ligue1/vod/69809/22000439715
20220214_LENS_BORDEAUX,https://programs.sbs.co.kr/sports/21ligue1/vod/69809/22000439674
20220213_BRESTOIS_TROYES,https://programs.sbs.co.kr/sports/21ligue1/vod/69809/22000439705
20220213_MONACO_LORIENT,https://programs.sbs.co.kr/sports/21ligue1/vod/69809/22000439701
20220213_LYONNAIS_NICE,https://programs.sbs.co.kr/sports/21ligue1/vod/69809/22000439709
20220213_MONTPELLIER_LILLE,https://programs.sbs.co.kr/sports/21ligue1/vod/69809/22000439696
20220212_PSG_RENNAIS,https://programs.sbs.co.kr/sports/21ligue1/vod/69809/22000439167
20220207_LILLE_PSG,https://programs.sbs.co.kr/sports/21ligue1/vod/69809/22000438200
20220207_RENNAIS_BRESTOIS,https://programs.sbs.co.kr/sports/21ligue1/vod/69809/22000438714
20220206_REIMS_BORDEAUX,https://programs.sbs.co.kr/sports/21ligue1/vod/69809/22000438100
20220206_LORIENT_LENS,https://programs.sbs.co.kr/sports/21ligue1/vod/69809/22000438712
20220206_MONACO_LYONNAIS,https://programs.sbs.co.kr/sports/21ligue1/vod/69809/22000438709
20220206_SAINT_MONTPELLIER,https://programs.sbs.co.kr/sports/21ligue1/vod/69809/22000438707
20220205_MARSEILLE_ANGERS,https://programs.sbs.co.kr/sports/21ligue1/vod/69809/22000438704
20220124_PSG_REIMS,https://programs.sbs.co.kr/sports/21ligue1/vod/69809/22000437318
20220124_MONTPELLIER_MONACO,https://programs.sbs.co.kr/sports/21ligue1/vod/69809/22000437357
20220123_BORDEAUX_STRASBOURG,https://programs.sbs.co.kr/sports/21ligue1/vod/69809/22000437257
20220123_METZ_NICE,https://programs.sbs.co.kr/sports/21ligue1/vod/69809/22000437355
20220123_LENS_MARSEILLE,https://programs.sbs.co.kr/sports/21ligue1/vod/69809/22000437356
20220123_BRESTOIS_LILLE,https://programs.sbs.co.kr/sports/21ligue1/vod/69809/22000437358
20220122_LYONNAIS_SAINT,https://programs.sbs.co.kr/sports/21ligue1/vod/69809/22000437175
20220117_MARSEILLE_LILLE,https://programs.sbs.co.kr/sports/21ligue1/vod/69809/22000436816
20220117_TROYES_LYONNAIS,https://programs.sbs.co.kr/sports/21ligue1/vod/69809/22000436815
20220116_MONACO_CLERMONT,https://programs.sbs.co.kr/sports/21ligue1/vod/69809/22000436814
20220116_RENNAIS_BORDEAUX,https://programs.sbs.co.kr/sports/21ligue1/vod/69809/22000436681
20220116_PSG_BRESTOIS,https://programs.sbs.co.kr/sports/21ligue1/vod/69809/22000436648
20220116_SAINT_LENS,https://programs.sbs.co.kr/sports/21ligue1/vod/69809/22000436813
20220115_NICE_NANTES,https://programs.sbs.co.kr/sports/21ligue1/vod/69809/22000436592
20220110_LYONNAIS_PSG,https://programs.sbs.co.kr/sports/21ligue1/vod/69809/22000436267
20220110_NANTES_MONACO,https://programs.sbs.co.kr/sports/21ligue1/vod/69809/22000436356
20220109_BRESTOIS_NICE,https://programs.sbs.co.kr/sports/21ligue1/vod/69809/22000436355
20220109_LENS_RENNAIS,https://programs.sbs.co.kr/sports/21ligue1/vod/69809/22000436312
20220108_BORDEAUX_MARSEILLE,https://programs.sbs.co.kr/sports/21ligue1/vod/69809/22000436190
20211223_LORIENT_PSG,https://programs.sbs.co.kr/sports/21ligue1/vod/69809/22000435358
20211223_BORDEAUX_LILLE,https://programs.sbs.co.kr/sports/21ligue1/vod/69809/22000435285
20211213_PSG_MONACO,https://programs.sbs.co.kr/sports/21ligue1/vod/69809/22000434770
20211213_STRASBOURG_MARSEILLE,https://programs.sbs.co.kr/sports/21ligue1/vod/69809/22000434727
20211212_TROYES_BORDEAUX,https://programs.sbs.co.kr/sports/21ligue1/vod/69809/22000434654
20211212_LILLE_LYONNAIS,https://programs.sbs.co.kr/sports/21ligue1/vod/69809/22000434723
20211212_BRESTOIS_MONTPELLIER,https://programs.sbs.co.kr/sports/21ligue1/vod/69809/22000434721
20211211_NANTES_LENS,https://programs.sbs.co.kr/sports/21ligue1/vod/69809/22000434720
20211206_BORDEAUX_LYONNAIS,https://programs.sbs.co.kr/sports/21ligue1/vod/69809/22000434719
20211205_NICE_STRASBOURG,https://programs.sbs.co.kr/sports/21ligue1/vod/69809/22000434714
20211205_MONACO_METZ,https://programs.sbs.co.kr/sports/21ligue1/vod/69809/22000434676
20211205_SAINT_RENNAIS,https://programs.sbs.co.kr/sports/21ligue1/vod/69809/22000434674
20211205_LENS_PSG,https://programs.sbs.co.kr/sports/21ligue1/vod/69809/22000433954
20211205_LILLE_TROYES,https://programs.sbs.co.kr/sports/21ligue1/vod/69809/22000434673
20211202_PSG_NICE,https://programs.sbs.co.kr/sports/21ligue1/vod/69809/22000433732
20211202_STRASBOURG_BORDEAUX,https://programs.sbs.co.kr/sports/21ligue1/vod/69809/22000433720
20211128_BORDEAUX_BRESTOIS,https://programs.sbs.co.kr/sports/21ligue1/vod/69809/22000433453
20211128_SAINT_PSG,https://programs.sbs.co.kr/sports/21ligue1/vod/69809/22000433452
20211122_CLERMONT_NICE,https://programs.sbs.co.kr/sports/21ligue1/vod/69809/22000432910
20211121_RENNAIS_MONTPELLIER,https://programs.sbs.co.kr/sports/21ligue1/vod/69809/22000432915
20211121_PSG_NANTES,https://programs.sbs.co.kr/sports/21ligue1/vod/69809/22000432643
20211120_MONACO_LILLE,https://programs.sbs.co.kr/sports/21ligue1/vod/69809/22000432916
20211108_RENNAIS_LYONNAIS,https://programs.sbs.co.kr/sports/21ligue1/vod/69809/22000431561
20211108_NICE_MONTPELLIER,https://programs.sbs.co.kr/sports/21ligue1/vod/69809/22000431560
20211107_REIMS_MONACO,https://programs.sbs.co.kr/sports/21ligue1/vod/69809/22000431552
20211107_MARSEILLE_METZ,https://programs.sbs.co.kr/sports/21ligue1/vod/69809/22000431557
20211107_BORDEAUX_PSG,https://programs.sbs.co.kr/sports/21ligue1/vod/69809/22000431245
20211106_LENS_TROYES,https://programs.sbs.co.kr/sports/21ligue1/vod/69809/22000431553
20211101_CLERMONT_MARSEILLE,https://programs.sbs.co.kr/sports/21ligue1/vod/69809/22000430933
20211101_BRESTOIS_MONACO,https://programs.sbs.co.kr/sports/21ligue1/vod/69809/22000430934
20211031_BORDEAUX_REIMS,https://programs.sbs.co.kr/sports/21ligue1/vod/69809/22000430594
20211031_ANGERS_NICE,https://programs.sbs.co.kr/sports/21ligue1/vod/69809/22000430940
20211031_LYONNAIS_LENS,https://programs.sbs.co.kr/sports/21ligue1/vod/69809/22000430941
20211031_METZ_SAINT,https://programs.sbs.co.kr/sports/21ligue1/vod/69809/22000430939
20211030_PSG_LILLE,https://programs.sbs.co.kr/sports/21ligue1/vod/69809/22000430397
20211028_NICE_MARSEILLE,https://programs.sbs.co.kr/sports/21ligue1/vod/69809/22000430932
20211025_MARSEILLE_PSG,https://programs.sbs.co.kr/sports/21ligue1/vod/69809/22000429935
20211025_MONACO_MONTPELLIER,https://programs.sbs.co.kr/sports/21ligue1/vod/69809/22000430037
20211024_LORIENT_BORDEAUX,https://programs.sbs.co.kr/sports/21ligue1/vod/69809/22000429955
20211024_NICE_LYONNAIS,https://programs.sbs.co.kr/sports/21ligue1/vod/69809/22000429963
20211024_LILLE_BRESTOIS,https://programs.sbs.co.kr/sports/21ligue1/vod/69809/22000429933
20211024_NANTES_CLERMONT,https://programs.sbs.co.kr/sports/21ligue1/vod/69809/22000430036
20211023_SAINT_ANGERS,https://programs.sbs.co.kr/sports/21ligue1/vod/69809/22000429934
20211018_MONTPELLIER_LENS,https://programs.sbs.co.kr/sports/21ligue1/vod/69809/22000429428
20211017_BORDEAUX_NANTES,https://programs.sbs.co.kr/sports/21ligue1/vod/69809/22000429318
20211017_TROYES_NICE,https://programs.sbs.co.kr/sports/21ligue1/vod/69809/22000429427
20211017_CLERMONT_LILLE,https://programs.sbs.co.kr/sports/21ligue1/vod/69809/22000429424
20211016_PSG_ANGERS,https://programs.sbs.co.kr/sports/21ligue1/vod/69809/22000429181
20211004_SAINT_LYONNAIS,https://programs.sbs.co.kr/sports/21ligue1/vod/69809/22000428263
20211004_LILLE_MARSEILLE,https://programs.sbs.co.kr/sports/21ligue1/vod/69809/22000428262
20211003_MONACO_BORDEAUX,https://programs.sbs.co.kr/sports/21ligue1/vod/69809/22000428223
20211003_ANGERS_METZ,https://programs.sbs.co.kr/sports/21ligue1/vod/69809/22000428259
20211003_RENNAIS_PSG,https://programs.sbs.co.kr/sports/21ligue1/vod/69809/22000428203
20211003_NICE_BRESTOIS,https://programs.sbs.co.kr/sports/21ligue1/vod/69809/22000428212
20211003_MONTPELLIER_STRASBOURG,https://programs.sbs.co.kr/sports/21ligue1/vod/69809/22000428210
20211002_LENS_REIMS,https://programs.sbs.co.kr/sports/21ligue1/vod/69809/22000428207
20210927_MARSEILLE_LENS,https://programs.sbs.co.kr/sports/21ligue1/vod/69809/22000427756
20210926_TROYES_ANGERS,https://programs.sbs.co.kr/sports/21ligue1/vod/69809/22000427754
20210926_REIMS_NANTES,https://programs.sbs.co.kr/sports/21ligue1/vod/69809/22000427753
20210926_BORDEAUX_RENNAIS,https://programs.sbs.co.kr/sports/21ligue1/vod/69809/22000427552
20210926_LYONNAIS_LORIENT,https://programs.sbs.co.kr/sports/21ligue1/vod/69809/22000427562
20210926_PSG_MONTPELLIER,https://programs.sbs.co.kr/sports/21ligue1/vod/69809/22000427492
20210926_STRASBOURG_LILLE,https://programs.sbs.co.kr/sports/21ligue1/vod/69809/22000427581
20210926_SAINT_NICE,https://programs.sbs.co.kr/sports/21ligue1/vod/69809/22000427561
20210923_METZ_PSG,https://programs.sbs.co.kr/sports/21ligue1/vod/69809/22000427268
20210923_ANGERS_MARSEILLE,https://programs.sbs.co.kr/sports/21ligue1/vod/69809/22000427559
