https://www.youtube.com/watch?v=njskzP2fanU,running_man_100
https://www.youtube.com/watch?v=CiZWdLt6WAs,running_man_101
https://www.youtube.com/watch?v=qzK0wH4i5CU,running_man_102
https://www.youtube.com/watch?v=UP6kWNDs_Bo,running_man_103
https://www.youtube.com/watch?v=NEzPQMdfGKg,running_man_104
https://www.youtube.com/watch?v=DE6M4rDKdGE,running_man_105
https://www.youtube.com/watch?v=nxua7uPYUCk,running_man_106
https://www.youtube.com/watch?v=hOhKYG4-EDo,running_man_107
https://www.youtube.com/watch?v=GmuJNn0p4CY,running_man_108
https://www.youtube.com/watch?v=hv01Jo1dRDM,running_man_109
https://www.youtube.com/watch?v=BpwafMkeUBc,running_man_110
https://www.youtube.com/watch?v=pyX8QA4NxQY,running_man_111
https://www.youtube.com/watch?v=1PbZmRm9cGI,running_man_112
https://www.youtube.com/watch?v=-2XpoytkcoE,running_man_113
https://www.youtube.com/watch?v=eqebxsbxC-4,running_man_114
https://www.youtube.com/watch?v=MfhDNVcTjmE,running_man_115
https://www.youtube.com/watch?v=hP93WtuiS0s,running_man_116
https://www.youtube.com/watch?v=DYs3Q3nWLvY,running_man_117
https://www.youtube.com/watch?v=PUKfwQax69Y,running_man_118
https://www.youtube.com/watch?v=PhgcNve12wQ,running_man_119
https://www.youtube.com/watch?v=SaK5gtS8sLg,running_man_120
https://www.youtube.com/watch?v=aBPV6h_xGmc,running_man_121
https://www.youtube.com/watch?v=aTF9zAg2sjQ,running_man_122
https://www.youtube.com/watch?v=_4u65hP9FvM,running_man_123
https://www.youtube.com/watch?v=_GBu8zC8y8Y,running_man_124
https://www.youtube.com/watch?v=N3IFk6TNEC0,running_man_125
https://www.youtube.com/watch?v=m_xR7VrZPbI,running_man_126
https://www.youtube.com/watch?v=p1ALSJAfbqs,running_man_127
https://www.youtube.com/watch?v=N-AEoIwY6Po,running_man_128
https://www.youtube.com/watch?v=OXZnhY3xWik,running_man_129
https://www.youtube.com/watch?v=lliI04mtFjM,running_man_130
https://www.youtube.com/watch?v=NuuY5RyIsA8,running_man_131
https://www.youtube.com/watch?v=KQvo2b-Y5Lo,running_man_132
https://www.youtube.com/watch?v=tx_PsoARvm0,running_man_133
https://www.youtube.com/watch?v=v1YjlmIjiwY,running_man_134
https://www.youtube.com/watch?v=Vpwz3LPUhiU,running_man_135
https://www.youtube.com/watch?v=pl-2wmHoigM,running_man_136
https://www.youtube.com/watch?v=VEwuTCDt6X8,running_man_137
https://www.youtube.com/watch?v=oS4SJurqzMA,running_man_138
https://www.youtube.com/watch?v=jARK9vq5LnM,running_man_139
https://www.youtube.com/watch?v=55AxcKzxx_U,running_man_140
https://www.youtube.com/watch?v=CAONJPjKNq4,running_man_141
https://www.youtube.com/watch?v=vXLF4wuJnvE,running_man_142
https://www.youtube.com/watch?v=UHcRBw30Ktw,running_man_143
https://www.youtube.com/watch?v=qIvKXk_fFZI,running_man_144
https://www.youtube.com/watch?v=P06_g8eFebA,running_man_145
https://www.youtube.com/watch?v=UO7knHC2VXs,running_man_146
https://www.youtube.com/watch?v=UO7knHC2VXs,running_man_147
https://www.youtube.com/watch?v=R5nD8QrIWos,running_man_148
https://www.youtube.com/watch?v=0A1wIBh5ic0,running_man_149
https://www.youtube.com/watch?v=yxINOTs0uHA,running_man_150
https://www.youtube.com/watch?v=tx_PsoARvm0,running_man_151
https://www.youtube.com/watch?v=K8FZw3g8bfQ,running_man_152
https://www.youtube.com/watch?v=16sWkwQ9uNc,running_man_153
https://www.youtube.com/watch?v=-M0icTmt-OM,running_man_154
https://www.youtube.com/watch?v=ww4QfqTR3XQ,running_man_155
https://www.youtube.com/watch?v=_gENyqvJyM0,running_man_156
https://www.youtube.com/watch?v=3nsPvmuMMbU,running_man_157
https://www.youtube.com/watch?v=7xOIJp8CFNw,running_man_158
https://www.youtube.com/watch?v=PdbYIE2-ErA,running_man_159
https://www.youtube.com/watch?v=Cf0vXkyHmD0,running_man_160
https://www.youtube.com/watch?v=xRs8cqTs-lA,running_man_161
https://www.youtube.com/watch?v=20FWO1PXaMw,running_man_162
https://www.youtube.com/watch?v=wQw940A7R3w,running_man_163
https://www.youtube.com/watch?v=m6A0wyySfK0,running_man_164
https://www.youtube.com/watch?v=lxxpeuYfKAY,running_man_165
https://www.youtube.com/watch?v=w0ogH9qgmOo,running_man_166
https://www.youtube.com/watch?v=bJ8PDbpg8_k,running_man_167
https://www.youtube.com/watch?v=CdLFyOWMnqs,running_man_168
https://www.youtube.com/watch?v=1Pp5alSLpeY,running_man_169
https://www.youtube.com/watch?v=rRnRvNWdVqM,running_man_170
https://www.youtube.com/watch?v=RVlYg6I73v8,running_man_171
https://www.youtube.com/watch?v=yK3hfpSxYq0,running_man_172
https://www.youtube.com/watch?v=qFcPPasKHCs,running_man_173
https://www.youtube.com/watch?v=pA3bzFrfu60,running_man_174
https://www.youtube.com/watch?v=IHUf2CiGgHM,running_man_175
https://www.youtube.com/watch?v=rrkGJQaKN40,running_man_176
https://www.youtube.com/watch?v=6d1YrKfg6Ao,running_man_177
https://www.youtube.com/watch?v=UnyKC04uDvQ,running_man_178
https://www.youtube.com/watch?v=Dqqxlqt3-ZQ,running_man_179
https://www.youtube.com/watch?v=-U4r9j3hHDo,running_man_180
https://www.youtube.com/watch?v=C11pcptrHaA,running_man_181
https://www.youtube.com/watch?v=TlxiSpJh93s,running_man_182
https://www.youtube.com/watch?v=rNveA0xF350,running_man_183
https://www.youtube.com/watch?v=HImsUOg7ZiQ,running_man_184
https://www.youtube.com/watch?v=91IHjVqLCNw,running_man_185
https://www.youtube.com/watch?v=I3GZz6exvfI,running_man_186
https://www.youtube.com/watch?v=a8uAsPAamCA,running_man_187
https://www.youtube.com/watch?v=6kjC0v0eKRo,running_man_188
https://www.youtube.com/watch?v=tzB6lkASqRQ,running_man_189
https://www.youtube.com/watch?v=n7weC27bcZk,running_man_190
https://www.youtube.com/watch?v=hxd0AAxQm3Y,running_man_191
https://www.youtube.com/watch?v=XRkmmGLBMpc,running_man_192
https://www.youtube.com/watch?v=yPDla51sAg0,running_man_193
https://www.youtube.com/watch?v=PnheSfrnoW4,running_man_194
https://www.youtube.com/watch?v=6HfdCICOEoI,running_man_195
https://www.youtube.com/watch?v=WXCS3KdhVZI,running_man_196
https://www.youtube.com/watch?v=mVDP-ONF8To,running_man_197
https://www.youtube.com/watch?v=91IHjVqLCNw,running_man_198
https://www.youtube.com/watch?v=TmzH77jipQ8,running_man_199
https://www.youtube.com/watch?v=NKf7wxvOt0w,running_man_200
https://www.youtube.com/watch?v=-Sr2QLImljI,running_man_201
https://www.youtube.com/watch?v=PsNaMaK1JQU,running_man_202
https://www.youtube.com/watch?v=G_K7wiAgZSM,running_man_203
https://www.youtube.com/watch?v=Ib8mAudsZ-U,running_man_204
https://www.youtube.com/watch?v=0YO1BhtJHNQ,running_man_205
https://www.youtube.com/watch?v=z98MRqbGP60,running_man_206
https://www.youtube.com/watch?v=zST28a8PyXk,running_man_207
https://www.youtube.com/watch?v=WJTLBTOLu9Y,running_man_208
https://www.youtube.com/watch?v=irEC46Tg88k,running_man_209
https://www.youtube.com/watch?v=5hIT2Nq94DE,running_man_210
https://www.youtube.com/watch?v=ekdsBUYsJ4M,running_man_211
https://www.youtube.com/watch?v=Za2yloaRTLk,running_man_212
https://www.youtube.com/watch?v=iib_yTLjXzc,running_man_213
https://www.youtube.com/watch?v=RO_2T2ngOMg,running_man_214
https://www.youtube.com/watch?v=M3c2ifGu_cE,running_man_215
https://www.youtube.com/watch?v=RO_2T2ngOMg,running_man_216
https://www.youtube.com/watch?v=M3c2ifGu_cE,running_man_217
https://www.youtube.com/watch?v=qvgEPBGIGRg,running_man_218
https://www.youtube.com/watch?v=Ead-rvHF8-w,running_man_219
https://www.youtube.com/watch?v=7Dy_k9GESGQ,running_man_220
https://www.youtube.com/watch?v=Mte7DGUZg_w,running_man_221
https://www.youtube.com/watch?v=b0UA4KGNpxw,running_man_222
https://www.youtube.com/watch?v=3eJxG3KZkMQ,running_man_223
https://www.youtube.com/watch?v=GMwW1q6ySwA,running_man_224
https://www.youtube.com/watch?v=wi8Tk0uUg8A,running_man_225
https://www.youtube.com/watch?v=TKJHBMgkg-o,running_man_226
https://www.youtube.com/watch?v=yadDsthqd_Q,running_man_227
https://www.youtube.com/watch?v=ik6nvXzwDLE,running_man_228
https://www.youtube.com/watch?v=jsWejUZpXfA,running_man_229
https://www.youtube.com/watch?v=Kmt9T-mHqqc,running_man_230
https://www.youtube.com/watch?v=AxhGH0uJJGs,running_man_231
https://www.youtube.com/watch?v=NWN-c2Z3zJ0,running_man_232
https://www.youtube.com/watch?v=-fiYPKrc5es,running_man_233
https://www.youtube.com/watch?v=2xaFE5Be0j4,running_man_234
https://www.youtube.com/watch?v=d_IwrIwU608,running_man_235
https://www.youtube.com/watch?v=D2Xl9Dwkn5Q,running_man_236
https://www.youtube.com/watch?v=BdSj9Kkd6Z4,running_man_237
https://www.youtube.com/watch?v=pkGfsLmtX80,running_man_238
https://www.youtube.com/watch?v=sbJ0TeizscE,running_man_239
https://www.youtube.com/watch?v=sZF2YeAoEGw,running_man_240
https://www.youtube.com/watch?v=Nu2Af-PAjFQ,running_man_241
https://www.youtube.com/watch?v=IYfrbotcF5o,running_man_242
https://www.youtube.com/watch?v=FmRd8RsnBsI,running_man_243
https://www.youtube.com/watch?v=by18Rx8M9fY,running_man_244
https://www.youtube.com/watch?v=k3hDXZiclRs,running_man_245
https://www.youtube.com/watch?v=xGW_sSuQIsc,running_man_246