https://www.youtube.com/watch?v=reO65gZHrlg,running_man_0
https://www.youtube.com/watch?v=paMztWX0VYg,running_man_1
https://www.youtube.com/watch?v=8ddgj1PQCnA,running_man_2
https://www.youtube.com/watch?v=sjmxsAV5H_k,running_man_3
https://www.youtube.com/watch?v=RTZcCs2NNmA,running_man_4
https://www.youtube.com/watch?v=Cg-WBpxQkAg,running_man_5
https://www.youtube.com/watch?v=j16896i6tC0,running_man_6
https://www.youtube.com/watch?v=GLSYM38VqfA,running_man_7
https://www.youtube.com/watch?v=r-Wb26Y4mHg,running_man_8
https://www.youtube.com/watch?v=-01pbZ0SttI,running_man_9
https://www.youtube.com/watch?v=Z0giZSD6OVA,running_man_10
https://www.youtube.com/watch?v=AIml1qWwK5w,running_man_11
https://www.youtube.com/watch?v=bVxUuqsP1Qg,running_man_12
https://www.youtube.com/watch?v=hlWbMG7SlTU,running_man_13
https://www.youtube.com/watch?v=5yZAUy8cgqs,running_man_14
https://www.youtube.com/watch?v=pvg4cZpC_yU,running_man_15
https://www.youtube.com/watch?v=lg1n4XImmx8,running_man_16
https://www.youtube.com/watch?v=lpCtPcrEvcw,running_man_17
https://www.youtube.com/watch?v=ajHsBkXDbGI,running_man_18
https://www.youtube.com/watch?v=YUQK_9S1nyQ,running_man_19
https://www.youtube.com/watch?v=uUHZJ2lBqNY,running_man_20
https://www.youtube.com/watch?v=8LTXwcQ2z0A,running_man_21
https://www.youtube.com/watch?v=rYTNyMwdlWg,running_man_22
https://www.youtube.com/watch?v=AQWWtwyBWC8,running_man_23
https://www.youtube.com/watch?v=uf8HnbDAowk,running_man_24
https://www.youtube.com/watch?v=MjuJyti1Uwo,running_man_25
https://www.youtube.com/watch?v=x27ezO8He7Y,running_man_26
https://www.youtube.com/watch?v=qDhjM4CmzX0,running_man_27
https://www.youtube.com/watch?v=_CGsOkBOOr8,running_man_28
https://www.youtube.com/watch?v=8IyCPgwrJ24,running_man_29
https://www.youtube.com/watch?v=Xr2p-WUasyU,running_man_30
https://www.youtube.com/watch?v=tcry8KTCmx0,running_man_31
https://www.youtube.com/watch?v=vOwrNem2c6Q,running_man_32
https://www.youtube.com/watch?v=-hnUD6HqGAY,running_man_33
https://www.youtube.com/watch?v=F5mf85ytghM,running_man_34
https://www.youtube.com/watch?v=hUBM3cOJIi8,running_man_35
https://www.youtube.com/watch?v=0f1Ias-MX5s,running_man_36
https://www.youtube.com/watch?v=84XOEMI3mvs,running_man_37
https://www.youtube.com/watch?v=0IBknm9JcPs,running_man_38
https://www.youtube.com/watch?v=37Nnh1uDI94,running_man_39
https://www.youtube.com/watch?v=eSZTLHPFl1w,running_man_40
https://www.youtube.com/watch?v=FHIn7dx3C6M,running_man_41
https://www.youtube.com/watch?v=Auw-3xY1waI,running_man_42
https://www.youtube.com/watch?v=6DOxP6xhRdM,running_man_43
https://www.youtube.com/watch?v=norrHSGY-EA,running_man_44
https://www.youtube.com/watch?v=JRhYYFbMSC0,running_man_45
https://www.youtube.com/watch?v=OEATQfsg1jk,running_man_46
https://www.youtube.com/watch?v=_4AE1LnM8xc,running_man_47
https://www.youtube.com/watch?v=4suy51WgKtI,running_man_48
https://www.youtube.com/watch?v=RPmDKnHe5Ws,running_man_49
https://www.youtube.com/watch?v=gycZh12dvbM,running_man_50
https://www.youtube.com/watch?v=flFkrODZrp0,running_man_51
https://www.youtube.com/watch?v=POsP_zWa42Y,running_man_52
https://www.youtube.com/watch?v=A8c1umI5fuY,running_man_53
https://www.youtube.com/watch?v=a9wfUVg3R28,running_man_54
https://www.youtube.com/watch?v=6_JN1Vg7oPA,running_man_55
https://www.youtube.com/watch?v=BhnNRwI7wX4,running_man_56
https://www.youtube.com/watch?v=Jzih2ZILBto,running_man_57
https://www.youtube.com/watch?v=sc73MvfNu2w,running_man_58
https://www.youtube.com/watch?v=EalN3T9jmX4,running_man_59
https://www.youtube.com/watch?v=cyhVMGUr-kE,running_man_60
https://www.youtube.com/watch?v=uontAonT3VQ,running_man_61
https://www.youtube.com/watch?v=cD5H7W_2CNo,running_man_62
https://www.youtube.com/watch?v=zkX-NXZFg0k,running_man_63
https://www.youtube.com/watch?v=9uJC9PxpNcU,running_man_64
https://www.youtube.com/watch?v=31fXgAxXWWE,running_man_65
https://www.youtube.com/watch?v=qDVH3-ZkrsY,running_man_66
https://www.youtube.com/watch?v=6uUVhFMtnUQ,running_man_67
https://www.youtube.com/watch?v=jl1jdy2Sqmc,running_man_68
https://www.youtube.com/watch?v=6TMlQSTDy3E,running_man_69
https://www.youtube.com/watch?v=i4VjCrxbuAo,running_man_70
https://www.youtube.com/watch?v=GrDYOl1v68M,running_man_71
https://www.youtube.com/watch?v=Wa8NPbMBPVA,running_man_72
https://www.youtube.com/watch?v=SDlhlqmOCe8,running_man_73
https://www.youtube.com/watch?v=q7Q9DZKVVrI,running_man_74
https://www.youtube.com/watch?v=SbHWsiJwQjA,running_man_75
https://www.youtube.com/watch?v=ww8IBrcvuZs,running_man_76
https://www.youtube.com/watch?v=JPxjsp3T2G0,running_man_77
https://www.youtube.com/watch?v=zH_6cvQxhA8,running_man_78
https://www.youtube.com/watch?v=1aTPIsgzmUo,running_man_79
https://www.youtube.com/watch?v=BJl-9v0uc4E,running_man_80
https://www.youtube.com/watch?v=NGGAzp8IwWI,running_man_81
https://www.youtube.com/watch?v=lwXx6Ssqvi4,running_man_82
https://www.youtube.com/watch?v=60JjpkFwMps,running_man_83
https://www.youtube.com/watch?v=fg0Z-NsuFpg,running_man_84
https://www.youtube.com/watch?v=M6KfDir3dOM,running_man_85
https://www.youtube.com/watch?v=scF9UN9Y180,running_man_86
https://www.youtube.com/watch?v=dag_mNAXImY,running_man_87
https://www.youtube.com/watch?v=N1CX3rVSraE,running_man_88
https://www.youtube.com/watch?v=Qv7t_ATs-RE,running_man_89
https://www.youtube.com/watch?v=37LhvEDjfb8,running_man_90
https://www.youtube.com/watch?v=WSXXt9oruu8,running_man_91
https://www.youtube.com/watch?v=iSjdj-wuRCs,running_man_92
https://www.youtube.com/watch?v=tDsZ-B2TzRQ,running_man_93
https://www.youtube.com/watch?v=OF_G55nKaBs,running_man_94
https://www.youtube.com/watch?v=FGtbYjfJyhE,running_man_95
https://www.youtube.com/watch?v=sVtNdmAKvUw,running_man_96
https://www.youtube.com/watch?v=LozSnHfrDic,running_man_97
https://www.youtube.com/watch?v=_RFN4szUIk4,running_man_98
https://www.youtube.com/watch?v=TsejTjH9gLg,running_man_99
https://www.youtube.com/watch?v=SaK5gtS8sLg,running_man_100
https://www.youtube.com/watch?v=yxINOTs0uHA,running_man_101
https://www.youtube.com/watch?v=-YyeBmhzC0c,running_man_102
https://www.youtube.com/watch?v=ugRmuIX9EeQ,running_man_103
https://www.youtube.com/watch?v=nxua7uPYUCk,running_man_104
https://www.youtube.com/watch?v=WXCS3KdhVZI,running_man_105
https://www.youtube.com/watch?v=yK3hfpSxYq0,running_man_106
https://www.youtube.com/watch?v=BpwafMkeUBc,running_man_107
https://www.youtube.com/watch?v=Za2yloaRTLk,running_man_108
https://www.youtube.com/watch?v=Vpwz3LPUhiU,running_man_109
https://www.youtube.com/watch?v=njskzP2fanU,running_man_110
https://www.youtube.com/watch?v=yadDsthqd_Q,running_man_111
https://www.youtube.com/watch?v=1PbZmRm9cGI,running_man_112
https://www.youtube.com/watch?v=m9fz3kPlfHs,running_man_113
https://www.youtube.com/watch?v=lND5Mt3DGFU,running_man_114
https://www.youtube.com/watch?v=-2XpoytkcoE,running_man_115
https://www.youtube.com/watch?v=1xaMXNKusW0,running_man_116
https://www.youtube.com/watch?v=Mte7DGUZg_w,running_man_117
https://www.youtube.com/watch?v=KQvo2b-Y5Lo,running_man_118
https://www.youtube.com/watch?v=75eDcDHid_M,running_man_119
https://www.youtube.com/watch?v=iib_yTLjXzc,running_man_120
https://www.youtube.com/watch?v=V7Q_bo9lNlA,running_man_121
https://www.youtube.com/watch?v=VEwuTCDt6X8,running_man_122
https://www.youtube.com/watch?v=qvgEPBGIGRg,running_man_123
https://www.youtube.com/watch?v=JssQdEY4CEk,running_man_124
https://www.youtube.com/watch?v=1Pp5alSLpeY,running_man_125
https://www.youtube.com/watch?v=oS4SJurqzMA,running_man_126
https://www.youtube.com/watch?v=CAONJPjKNq4,running_man_127
https://www.youtube.com/watch?v=CiZWdLt6WAs,running_man_128
https://www.youtube.com/watch?v=K8FZw3g8bfQ,running_man_129
https://www.youtube.com/watch?v=GMwW1q6ySwA,running_man_130
https://www.youtube.com/watch?v=UP6kWNDs_Bo,running_man_131
https://www.youtube.com/watch?v=aTF9zAg2sjQ,running_man_132
https://www.youtube.com/watch?v=p1ALSJAfbqs,running_man_133
https://www.youtube.com/watch?v=DE6M4rDKdGE,running_man_134
https://www.youtube.com/watch?v=NEzPQMdfGKg,running_man_135
https://www.youtube.com/watch?v=hOhKYG4-EDo,running_man_136
https://www.youtube.com/watch?v=GmuJNn0p4CY,running_man_137
https://www.youtube.com/watch?v=qzK0wH4i5CU,running_man_138
https://www.youtube.com/watch?v=ww4QfqTR3XQ,running_man_139
https://www.youtube.com/watch?v=hv01Jo1dRDM,running_man_140
https://www.youtube.com/watch?v=PhgcNve12wQ,running_man_141
https://www.youtube.com/watch?v=MfhDNVcTjmE,running_man_142
https://www.youtube.com/watch?v=_4u65hP9FvM,running_man_143
https://www.youtube.com/watch?v=pyX8QA4NxQY,running_man_144
https://www.youtube.com/watch?v=_GBu8zC8y8Y,running_man_145
https://www.youtube.com/watch?v=aBPV6h_xGmc,running_man_146
https://www.youtube.com/watch?v=N3IFk6TNEC0,running_man_147
https://www.youtube.com/watch?v=hP93WtuiS0s,running_man_148
https://www.youtube.com/watch?v=PUKfwQax69Y,running_man_149
https://www.youtube.com/watch?v=m_xR7VrZPbI,running_man_150
https://www.youtube.com/watch?v=0A1wIBh5ic0,running_man_151
https://www.youtube.com/watch?v=NuuY5RyIsA8,running_man_152
https://www.youtube.com/watch?v=55AxcKzxx_U,running_man_153
https://www.youtube.com/watch?v=LQKuSpLHl2g,running_man_154
https://www.youtube.com/watch?v=jARK9vq5LnM,running_man_155
https://www.youtube.com/watch?v=UHcRBw30Ktw,running_man_156
https://www.youtube.com/watch?v=vXLF4wuJnvE,running_man_157
https://www.youtube.com/watch?v=pl-2wmHoigM,running_man_158
https://www.youtube.com/watch?v=UO7knHC2VXs,running_man_159
https://www.youtube.com/watch?v=P06_g8eFebA,running_man_160
https://www.youtube.com/watch?v=qIvKXk_fFZI,running_man_161
https://www.youtube.com/watch?v=Q2vIVY5Zc6s,running_man_162
https://www.youtube.com/watch?v=R5nD8QrIWos,running_man_163
https://www.youtube.com/watch?v=_gENyqvJyM0,running_man_164
https://www.youtube.com/watch?v=lliI04mtFjM,running_man_165
https://www.youtube.com/watch?v=irEC46Tg88k,running_man_166
https://www.youtube.com/watch?v=16sWkwQ9uNc,running_man_167
https://www.youtube.com/watch?v=CdLFyOWMnqs,running_man_168
https://www.youtube.com/watch?v=mVDP-ONF8To,running_man_169
https://www.youtube.com/watch?v=3nsPvmuMMbU,running_man_170
https://www.youtube.com/watch?v=OXZnhY3xWik,running_man_171
https://www.youtube.com/watch?v=rRnRvNWdVqM,running_man_172
https://www.youtube.com/watch?v=n7weC27bcZk,running_man_173
https://www.youtube.com/watch?v=20FWO1PXaMw,running_man_174
https://www.youtube.com/watch?v=Cf0vXkyHmD0,running_man_175
https://www.youtube.com/watch?v=b0UA4KGNpxw,running_man_176
https://www.youtube.com/watch?v=bJ8PDbpg8_k,running_man_177
https://www.youtube.com/watch?v=N-AEoIwY6Po,running_man_178
https://www.youtube.com/watch?v=wQw940A7R3w,running_man_179
https://www.youtube.com/watch?v=rNveA0xF350,running_man_180
https://www.youtube.com/watch?v=-U4r9j3hHDo,running_man_181
https://www.youtube.com/watch?v=m6A0wyySfK0,running_man_182
https://www.youtube.com/watch?v=L_-hg9IoevA,running_man_183
https://www.youtube.com/watch?v=rrkGJQaKN40,running_man_184
https://www.youtube.com/watch?v=Ib8mAudsZ-U,running_man_185
https://www.youtube.com/watch?v=pA3bzFrfu60,running_man_186
https://www.youtube.com/watch?v=Dqqxlqt3-ZQ,running_man_187
https://www.youtube.com/watch?v=C11pcptrHaA,running_man_188
https://www.youtube.com/watch?v=IHUf2CiGgHM,running_man_189
https://www.youtube.com/watch?v=6d1YrKfg6Ao,running_man_190
https://www.youtube.com/watch?v=7xOIJp8CFNw,running_man_191
https://www.youtube.com/watch?v=eqebxsbxC-4,running_man_192
https://www.youtube.com/watch?v=RVlYg6I73v8,running_man_193
https://www.youtube.com/watch?v=91IHjVqLCNw,running_man_194
https://www.youtube.com/watch?v=DYs3Q3nWLvY,running_man_195
https://www.youtube.com/watch?v=G_K7wiAgZSM,running_man_196
https://www.youtube.com/watch?v=w0ogH9qgmOo,running_man_197
https://www.youtube.com/watch?v=UnyKC04uDvQ,running_man_198
https://www.youtube.com/watch?v=-M0icTmt-OM,running_man_199
https://www.youtube.com/watch?v=a8uAsPAamCA,running_man_200
https://www.youtube.com/watch?v=6kjC0v0eKRo,running_man_201
https://www.youtube.com/watch?v=ik6nvXzwDLE,running_man_202
https://www.youtube.com/watch?v=hxd0AAxQm3Y,running_man_203
https://www.youtube.com/watch?v=fDb2_xQ-QjI,running_man_204
https://www.youtube.com/watch?v=PdbYIE2-ErA,running_man_205
https://www.youtube.com/watch?v=XRkmmGLBMpc,running_man_206
https://www.youtube.com/watch?v=TKJHBMgkg-o,running_man_207
https://www.youtube.com/watch?v=tzB6lkASqRQ,running_man_208
https://www.youtube.com/watch?v=0YO1BhtJHNQ,running_man_209
https://www.youtube.com/watch?v=I3GZz6exvfI,running_man_210
https://www.youtube.com/watch?v=RO_2T2ngOMg,running_man_211
https://www.youtube.com/watch?v=PnheSfrnoW4,running_man_212
https://www.youtube.com/watch?v=NKf7wxvOt0w,running_man_213
https://www.youtube.com/watch?v=yPDla51sAg0,running_man_214
https://www.youtube.com/watch?v=BN6p9lHE7NY,running_man_215
https://www.youtube.com/watch?v=2udU-I4nkBM,running_man_216
https://www.youtube.com/watch?v=PsNaMaK1JQU,running_man_217
https://www.youtube.com/watch?v=TmzH77jipQ8,running_man_218
https://www.youtube.com/watch?v=TlxiSpJh93s,running_man_219
https://www.youtube.com/watch?v=QvON7ycjQts,running_man_220
https://www.youtube.com/watch?v=HImsUOg7ZiQ,running_man_221
https://www.youtube.com/watch?v=7Dy_k9GESGQ,running_man_222
https://www.youtube.com/watch?v=WJTLBTOLu9Y,running_man_223
https://www.youtube.com/watch?v=zST28a8PyXk,running_man_224
https://www.youtube.com/watch?v=M3c2ifGu_cE,running_man_225
https://www.youtube.com/watch?v=lxxpeuYfKAY,running_man_226
https://www.youtube.com/watch?v=d_IwrIwU608,running_man_227
https://www.youtube.com/watch?v=Ead-rvHF8-w,running_man_228
https://www.youtube.com/watch?v=AxhGH0uJJGs,running_man_229
https://www.youtube.com/watch?v=pkGfsLmtX80,running_man_230
https://www.youtube.com/watch?v=dH6dBZrzLTY,running_man_231
https://www.youtube.com/watch?v=3eJxG3KZkMQ,running_man_232
https://www.youtube.com/watch?v=ekdsBUYsJ4M,running_man_233
https://www.youtube.com/watch?v=jsWejUZpXfA,running_man_234
https://www.youtube.com/watch?v=-Sr2QLImljI,running_man_235
https://www.youtube.com/watch?v=wi8Tk0uUg8A,running_man_236
https://www.youtube.com/watch?v=D2Xl9Dwkn5Q,running_man_237
https://www.youtube.com/watch?v=5hIT2Nq94DE,running_man_238
https://www.youtube.com/watch?v=-fiYPKrc5es,running_man_239
https://www.youtube.com/watch?v=BdSj9Kkd6Z4,running_man_240
https://www.youtube.com/watch?v=Wgrp0QWvrds,running_man_241
https://www.youtube.com/watch?v=NWN-c2Z3zJ0,running_man_242
https://www.youtube.com/watch?v=xGW_sSuQIsc,running_man_243
https://www.youtube.com/watch?v=5kdwxVQyuxI,running_man_244
https://www.youtube.com/watch?v=Nu2Af-PAjFQ,running_man_245
https://www.youtube.com/watch?v=sZF2YeAoEGw,running_man_246
https://www.youtube.com/watch?v=Kmt9T-mHqqc,running_man_247
https://www.youtube.com/watch?v=by18Rx8M9fY,running_man_248
https://www.youtube.com/watch?v=QqkDclcCpgM,running_man_249
https://www.youtube.com/watch?v=IYfrbotcF5o,running_man_250
https://www.youtube.com/watch?v=z98MRqbGP60,running_man_251
https://www.youtube.com/watch?v=FmRd8RsnBsI,running_man_252
https://www.youtube.com/watch?v=ZUDjLuorc7g,running_man_253
https://www.youtube.com/watch?v=9JojWnm_Ufw,running_man_254
https://www.youtube.com/watch?v=ncqglrcefww,running_man_255
https://www.youtube.com/watch?v=4DCSivwWrCg,running_man_256
https://www.youtube.com/watch?v=RGq00KG9cKA,running_man_257
https://www.youtube.com/watch?v=RYMVj0oNq-U,running_man_258
https://www.youtube.com/watch?v=wnkGZh43R_s,running_man_259
https://www.youtube.com/watch?v=jvQMjWwgass,running_man_260
https://www.youtube.com/watch?v=F-WUueWsOYg,running_man_261
https://www.youtube.com/watch?v=2xaFE5Be0j4,running_man_262
https://www.youtube.com/watch?v=LnramgDmpzQ,running_man_263
https://www.youtube.com/watch?v=UXLUqqsZeuk,running_man_264
https://www.youtube.com/watch?v=l1GjAb9fSJY,running_man_265
https://www.youtube.com/watch?v=UQSfbvDkKhc,running_man_266
https://www.youtube.com/watch?v=X-0u8ePAlA8,running_man_267
https://www.youtube.com/watch?v=Z7W-67Bp-v4,running_man_268
https://www.youtube.com/watch?v=5IfeZUdhNbw,running_man_269
https://www.youtube.com/watch?v=8zCfStLvxDg,running_man_270
https://www.youtube.com/watch?v=5vIxYBYx1eA,running_man_271
https://www.youtube.com/watch?v=CICGlKULCPU,running_man_272
https://www.youtube.com/watch?v=O-pAj38xD8w,running_man_273
https://www.youtube.com/watch?v=tKDLTEYoFf4,running_man_274
https://www.youtube.com/watch?v=a2iav1ZyJLk,running_man_275
https://www.youtube.com/watch?v=BCqMb7k4Azs,running_man_276
https://www.youtube.com/watch?v=k3hDXZiclRs,running_man_277
https://www.youtube.com/watch?v=GN9hwUNWB8A,running_man_278
https://www.youtube.com/watch?v=LFfATG81pDc,running_man_279
https://www.youtube.com/watch?v=4MbZC95AKVk,running_man_280
https://www.youtube.com/watch?v=X_4fVzb8HwA,running_man_281
https://www.youtube.com/watch?v=t7gGzsxQY38,running_man_282
https://www.youtube.com/watch?v=vGYVYAuJQXM,running_man_283
https://www.youtube.com/watch?v=u5mvNcwsvSQ,running_man_284
https://www.youtube.com/watch?v=uNQmJN5TMmU,running_man_285
https://www.youtube.com/watch?v=mdp9zIg8lf4,running_man_286
https://www.youtube.com/watch?v=QWYnn_ehNqY,running_man_287
https://www.youtube.com/watch?v=NUVX6c8tAZs,running_man_288
https://www.youtube.com/watch?v=bR4pClVxSME,running_man_289
https://www.youtube.com/watch?v=NFb2HmsqLdc,running_man_290
https://www.youtube.com/watch?v=5eb6apDQgTc,running_man_291
https://www.youtube.com/watch?v=6xdJ84PbgKQ,running_man_292
https://www.youtube.com/watch?v=Q8dvspcxlHM,running_man_293
https://www.youtube.com/watch?v=qpJag5E736I,running_man_294
https://www.youtube.com/watch?v=_9UmSRGn0YA,running_man_295
https://www.youtube.com/watch?v=uXMMsmEQs9M,running_man_296
https://www.youtube.com/watch?v=_N8gMFQ-mHE,running_man_297
https://www.youtube.com/watch?v=3gcJQRmJgkc,running_man_298
https://www.youtube.com/watch?v=iGZYvzpOj_A,running_man_299
https://www.youtube.com/watch?v=-maTKjjsGh4,running_man_300
https://www.youtube.com/watch?v=EwJatp4F36I,running_man_301
https://www.youtube.com/watch?v=eLDytHcBBr0,running_man_302
https://www.youtube.com/watch?v=8G9QC7WFUbk,running_man_303
https://www.youtube.com/watch?v=2z51eF6F708,running_man_304
https://www.youtube.com/watch?v=obINAASMo6o,running_man_305
https://www.youtube.com/watch?v=o5U22ja1WgU,running_man_306
https://www.youtube.com/watch?v=uwX2rTLcVx8,running_man_307
https://www.youtube.com/watch?v=yy9AulZeIkM,running_man_308
https://www.youtube.com/watch?v=Gw3QVn77zoY,running_man_309
https://www.youtube.com/watch?v=wLv8l04xNnI,running_man_310
https://www.youtube.com/watch?v=OFSwUbisq4k,running_man_311
https://www.youtube.com/watch?v=5kdMeykEeY8,running_man_312
https://www.youtube.com/watch?v=Ji8BDWtp9GE,running_man_313
https://www.youtube.com/watch?v=FAf4WLRM9LE,running_man_314
https://www.youtube.com/watch?v=yleswvYEnhI,running_man_315
https://www.youtube.com/watch?v=Z92_DvqVeQ8,running_man_316
https://www.youtube.com/watch?v=-NRItVDB4bk,running_man_317
https://www.youtube.com/watch?v=T-IqRvS1rjw,running_man_318
https://www.youtube.com/watch?v=txqRDKOGD_g,running_man_319
https://www.youtube.com/watch?v=R4VRdg1A97w,running_man_320
https://www.youtube.com/watch?v=Q25JFDnX9Pg,running_man_321
https://www.youtube.com/watch?v=tyBmMi-1IAw,running_man_322
https://www.youtube.com/watch?v=1T9XIzWEK98,running_man_323
https://www.youtube.com/watch?v=yeMA3CKocrg,running_man_324
https://www.youtube.com/watch?v=ve0vTHqq6dk,running_man_325
https://www.youtube.com/watch?v=A_EpbP93bcA,running_man_326
https://www.youtube.com/watch?v=6xe9kYbFJAE,running_man_327
https://www.youtube.com/watch?v=iGZNg09Dr5g,running_man_328
https://www.youtube.com/watch?v=9wpVfo4DWzk,running_man_329
https://www.youtube.com/watch?v=2zSSXDNpLUw,running_man_330
https://www.youtube.com/watch?v=VTk-jxnp5Ls,running_man_331
https://www.youtube.com/watch?v=Uk9PD0-Eq-4,running_man_332
https://www.youtube.com/watch?v=qNZzido-uWU,running_man_333
https://www.youtube.com/watch?v=Lg-uvY7Pb1I,running_man_334
https://www.youtube.com/watch?v=tNEyZLdFKQM,running_man_335
https://www.youtube.com/watch?v=bw_TYLRTzqY,running_man_336
https://www.youtube.com/watch?v=hr_hV-NINyM,running_man_337
https://www.youtube.com/watch?v=t5AatMnyT1Y,running_man_338
https://www.youtube.com/watch?v=1vfoP00yJKg,running_man_339
https://www.youtube.com/watch?v=M6Bqrjtbb8I,running_man_340
